[
    {
        "body": "illum quis cupiditate provident sit magnam\nea sed aut omnis\nveniam maiores ullam consequatur atque\nadipisci quo iste expedita sit quos voluptas",
        "id": 19,
        "title": "adipisci placeat illum aut reiciendis qui",
        "userId": 2
    },
    {
        "body": "eum non blanditiis soluta porro quibusdam voluptas\nvel voluptatem qui placeat dolores qui velit aut\nvel inventore aut cumque culpa explicabo aliquid at\nperspiciatis est et voluptatem dignissimos dolor itaque sit nam",
        "id": 97,
        "title": "quas fugiat ut perspiciatis vero provident",
        "userId": 10
    },
    {
        "body": "sunt dolores aut doloribus\ndolore doloribus voluptates tempora et\ndoloremque et quo\ncum asperiores sit consectetur dolorem",
        "id": 51,
        "title": "soluta aliquam aperiam consequatur illo quis voluptas",
        "userId": 6
    },
    {
        "body": "est natus reiciendis nihil possimus aut provident\nex et dolor\nrepellat pariatur est\nnobis rerum repellendus dolorem autem",
        "id": 45,
        "title": "ut numquam possimus omnis eius suscipit laudantium iure",
        "userId": 5
    },
    {
        "body": "eveniet quo quis\nlaborum totam consequatur non dolor\nut et est repudiandae\nest voluptatem vel debitis et magnam",
        "id": 18,
        "title": "voluptate et itaque vero tempora molestiae",
        "userId": 2
    },
    {
        "body": "ut voluptatum aliquid illo tenetur nemo sequi quo facilis\nipsum rem optio mollitia quas\nvoluptatem eum voluptas qui\nunde omnis voluptatem iure quasi maxime voluptas nam",
        "id": 40,
        "title": "enim quo cumque",
        "userId": 4
    },
    {
        "body": "veniam voluptatum quae adipisci id\net id quia eos ad et dolorem\naliquam quo nisi sunt eos impedit error\nad similique veniam",
        "id": 58,
        "title": "voluptatum itaque dolores nisi et quasi",
        "userId": 6
    },
    {
        "body": "dolorem quibusdam ducimus consequuntur dicta aut quo laboriosam\nvoluptatem quis enim recusandae ut sed sunt\nnostrum est odit totam\nsit error sed sunt eveniet provident qui nulla",
        "id": 93,
        "title": "beatae soluta recusandae",
        "userId": 10
    },
    {
        "body": "earum voluptatem facere provident blanditiis velit laboriosam\npariatur accusamus odio saepe\ncumque dolor qui a dicta ab doloribus consequatur omnis\ncorporis cupiditate eaque assumenda ad nesciunt",
        "id": 95,
        "title": "id minus libero illum nam ad officiis",
        "userId": 10
    },
    {
        "body": "totam corporis dignissimos\nvitae dolorem ut occaecati accusamus\nex velit deserunt\net exercitationem vero incidunt corrupti mollitia",
        "id": 54,
        "title": "sit asperiores ipsam eveniet odio non quia",
        "userId": 6
    },
    {
        "body": "est rerum tempore vitae\nsequi sint nihil reprehenderit dolor beatae ea dolores neque\nfugiat blanditiis voluptate porro vel nihil molestiae ut reiciendis\nqui aperiam non debitis possimus qui neque nisi nulla",
        "id": 2,
        "title": "qui est esse",
        "userId": 1
    },
    {
        "body": "eos qui et ipsum ipsam suscipit aut\nsed omnis non odio\nexpedita earum mollitia molestiae aut atque rem suscipit\nnam impedit esse",
        "id": 22,
        "title": "dolor sint quo a velit explicabo quia nam",
        "userId": 3
    },
    {
        "body": "nobis facilis odit tempore cupiditate quia\nassumenda doloribus rerum qui ea\nillum et qui totam\naut veniam repellendus",
        "id": 78,
        "title": "quam voluptatibus rerum veritatis",
        "userId": 8
    },
    {
        "body": "consectetur animi nesciunt iure dolore\nenim quia ad\nveniam autem ut quam aut nobis\net est aut quod aut provident voluptas autem voluptas",
        "id": 9,
        "title": "nesciunt iure omnis dolorem tempora et accusantium",
        "userId": 1
    },
    {
        "body": "officia veritatis tenetur vero qui itaque\nsint non ratione\nsed et ut asperiores iusto eos molestiae nostrum\nveritatis quibusdam et nemo iusto saepe",
        "id": 66,
        "title": "repudiandae ea animi iusto",
        "userId": 7
    },
    {
        "body": "ullam consequatur ut\nomnis quis sit vel consequuntur\nipsa eligendi ipsum molestiae et omnis error nostrum\nmolestiae illo tempore quia et distinctio",
        "id": 25,
        "title": "rem alias distinctio quo quis",
        "userId": 3
    },
    {
        "body": "odio fugit voluptatum ducimus earum autem est incidunt voluptatem\nodit reiciendis aliquam sunt sequi nulla dolorem\nnon facere repellendus voluptates quia\nratione harum vitae ut",
        "id": 42,
        "title": "commodi ullam sint et excepturi error explicabo praesentium voluptas",
        "userId": 5
    },
    {
        "body": "doloremque ex facilis sit sint culpa\nsoluta assumenda eligendi non ut eius\nsequi ducimus vel quasi\nveritatis est dolores",
        "id": 98,
        "title": "laboriosam dolor voluptates",
        "userId": 10
    },
    {
        "body": "voluptatibus ex esse\nsint explicabo est aliquid cumque adipisci fuga repellat labore\nmolestiae corrupti ex saepe at asperiores et perferendis\nnatus id esse incidunt pariatur",
        "id": 65,
        "title": "consequatur id enim sunt et et",
        "userId": 7
    },
    {
        "body": "ullam et saepe reiciendis voluptatem adipisci\nsit amet autem assumenda provident rerum culpa\nquis hic commodi nesciunt rem tenetur doloremque ipsam iure\nquis sunt voluptatem rerum illo velit",
        "id": 4,
        "title": "eum et est occaecati",
        "userId": 1
    },
    {
        "body": "debitis excepturi ea perferendis harum libero optio\neos accusamus cum fuga ut sapiente repudiandae\net ut incidunt omnis molestiae\nnihil ut eum odit",
        "id": 55,
        "title": "sit vel voluptatem et non libero",
        "userId": 6
    },
    {
        "body": "perspiciatis et quam ea autem temporibus non voluptatibus qui\nbeatae a earum officia nesciunt dolores suscipit voluptas et\nanimi doloribus cum rerum quas et magni\net hic ut ut commodi expedita sunt",
        "id": 59,
        "title": "qui commodi dolor at maiores et quis id accusantium",
        "userId": 6
    },
    {
        "body": "asperiores sunt ab assumenda cumque modi velit\nqui esse omnis\nvoluptate et fuga perferendis voluptas\nillo ratione amet aut et omnis",
        "id": 60,
        "title": "consequatur placeat omnis quisquam quia reprehenderit fugit veritatis facere",
        "userId": 6
    },
    {
        "body": "odit qui et et necessitatibus sint veniam\nmollitia amet doloremque molestiae commodi similique magnam et quam\nblanditiis est itaque\nquo et tenetur ratione occaecati molestiae tempora",
        "id": 74,
        "title": "enim unde ratione doloribus quas enim ut sit sapiente",
        "userId": 8
    },
    {
        "body": "eos et molestiae\nnesciunt ut a\ndolores perspiciatis repellendus repellat aliquid\nmagnam sint rem ipsum est",
        "id": 87,
        "title": "nostrum quis quasi placeat",
        "userId": 9
    },
    {
        "body": "odit magnam ut saepe sed non qui\ntempora atque nihil\naccusamus illum doloribus illo dolor\neligendi repudiandae odit magni similique sed cum maiores",
        "id": 29,
        "title": "iusto eius quod necessitatibus culpa ea",
        "userId": 3
    },
    {
        "body": "eos voluptas et aut odit natus earum\naspernatur fuga molestiae ullam\ndeserunt ratione qui eos\nqui nihil ratione nemo velit ut aut id quo",
        "id": 17,
        "title": "fugit voluptas sed molestias voluptatem provident",
        "userId": 2
    },
    {
        "body": "eos et molestiae\nnesciunt ut a\ndolores perspiciatis repellendus repellat aliquid\nmagnam sint rem ipsum est",
        "id": 87,
        "title": "nostrum quis quasi placeat",
        "userId": 9
    },
    {
        "body": "odit magnam ut saepe sed non qui\ntempora atque nihil\naccusamus illum doloribus illo dolor\neligendi repudiandae odit magni similique sed cum maiores",
        "id": 29,
        "title": "iusto eius quod necessitatibus culpa ea",
        "userId": 3
    },
    {
        "body": "eos voluptas et aut odit natus earum\naspernatur fuga molestiae ullam\ndeserunt ratione qui eos\nqui nihil ratione nemo velit ut aut id quo",
        "id": 17,
        "title": "fugit voluptas sed molestias voluptatem provident",
        "userId": 2
    },
    {
        "body": "illum quis cupiditate provident sit magnam\nea sed aut omnis\nveniam maiores ullam consequatur atque\nadipisci quo iste expedita sit quos voluptas",
        "id": 19,
        "title": "adipisci placeat illum aut reiciendis qui",
        "userId": 2
    },
    {
        "body": "eum non blanditiis soluta porro quibusdam voluptas\nvel voluptatem qui placeat dolores qui velit aut\nvel inventore aut cumque culpa explicabo aliquid at\nperspiciatis est et voluptatem dignissimos dolor itaque sit nam",
        "id": 97,
        "title": "quas fugiat ut perspiciatis vero provident",
        "userId": 10
    },
    {
        "body": "sunt dolores aut doloribus\ndolore doloribus voluptates tempora et\ndoloremque et quo\ncum asperiores sit consectetur dolorem",
        "id": 51,
        "title": "soluta aliquam aperiam consequatur illo quis voluptas",
        "userId": 6
    },
    {
        "body": "est natus reiciendis nihil possimus aut provident\nex et dolor\nrepellat pariatur est\nnobis rerum repellendus dolorem autem",
        "id": 45,
        "title": "ut numquam possimus omnis eius suscipit laudantium iure",
        "userId": 5
    },
    {
        "body": "eveniet quo quis\nlaborum totam consequatur non dolor\nut et est repudiandae\nest voluptatem vel debitis et magnam",
        "id": 18,
        "title": "voluptate et itaque vero tempora molestiae",
        "userId": 2
    },
    {
        "body": "ut voluptatum aliquid illo tenetur nemo sequi quo facilis\nipsum rem optio mollitia quas\nvoluptatem eum voluptas qui\nunde omnis voluptatem iure quasi maxime voluptas nam",
        "id": 40,
        "title": "enim quo cumque",
        "userId": 4
    },
    {
        "body": "veniam voluptatum quae adipisci id\net id quia eos ad et dolorem\naliquam quo nisi sunt eos impedit error\nad similique veniam",
        "id": 58,
        "title": "voluptatum itaque dolores nisi et quasi",
        "userId": 6
    },
    {
        "body": "dolorem quibusdam ducimus consequuntur dicta aut quo laboriosam\nvoluptatem quis enim recusandae ut sed sunt\nnostrum est odit totam\nsit error sed sunt eveniet provident qui nulla",
        "id": 93,
        "title": "beatae soluta recusandae",
        "userId": 10
    },
    {
        "body": "earum voluptatem facere provident blanditiis velit laboriosam\npariatur accusamus odio saepe\ncumque dolor qui a dicta ab doloribus consequatur omnis\ncorporis cupiditate eaque assumenda ad nesciunt",
        "id": 95,
        "title": "id minus libero illum nam ad officiis",
        "userId": 10
    },
    {
        "body": "totam corporis dignissimos\nvitae dolorem ut occaecati accusamus\nex velit deserunt\net exercitationem vero incidunt corrupti mollitia",
        "id": 54,
        "title": "sit asperiores ipsam eveniet odio non quia",
        "userId": 6
    },
    {
        "body": "est rerum tempore vitae\nsequi sint nihil reprehenderit dolor beatae ea dolores neque\nfugiat blanditiis voluptate porro vel nihil molestiae ut reiciendis\nqui aperiam non debitis possimus qui neque nisi nulla",
        "id": 2,
        "title": "qui est esse",
        "userId": 1
    },
    {
        "body": "eos qui et ipsum ipsam suscipit aut\nsed omnis non odio\nexpedita earum mollitia molestiae aut atque rem suscipit\nnam impedit esse",
        "id": 22,
        "title": "dolor sint quo a velit explicabo quia nam",
        "userId": 3
    },
    {
        "body": "nobis facilis odit tempore cupiditate quia\nassumenda doloribus rerum qui ea\nillum et qui totam\naut veniam repellendus",
        "id": 78,
        "title": "quam voluptatibus rerum veritatis",
        "userId": 8
    },
    {
        "body": "consectetur animi nesciunt iure dolore\nenim quia ad\nveniam autem ut quam aut nobis\net est aut quod aut provident voluptas autem voluptas",
        "id": 9,
        "title": "nesciunt iure omnis dolorem tempora et accusantium",
        "userId": 1
    },
    {
        "body": "officia veritatis tenetur vero qui itaque\nsint non ratione\nsed et ut asperiores iusto eos molestiae nostrum\nveritatis quibusdam et nemo iusto saepe",
        "id": 66,
        "title": "repudiandae ea animi iusto",
        "userId": 7
    },
    {
        "body": "ullam consequatur ut\nomnis quis sit vel consequuntur\nipsa eligendi ipsum molestiae et omnis error nostrum\nmolestiae illo tempore quia et distinctio",
        "id": 25,
        "title": "rem alias distinctio quo quis",
        "userId": 3
    },
    {
        "body": "odio fugit voluptatum ducimus earum autem est incidunt voluptatem\nodit reiciendis aliquam sunt sequi nulla dolorem\nnon facere repellendus voluptates quia\nratione harum vitae ut",
        "id": 42,
        "title": "commodi ullam sint et excepturi error explicabo praesentium voluptas",
        "userId": 5
    },
    {
        "body": "doloremque ex facilis sit sint culpa\nsoluta assumenda eligendi non ut eius\nsequi ducimus vel quasi\nveritatis est dolores",
        "id": 98,
        "title": "laboriosam dolor voluptates",
        "userId": 10
    },
    {
        "body": "voluptatibus ex esse\nsint explicabo est aliquid cumque adipisci fuga repellat labore\nmolestiae corrupti ex saepe at asperiores et perferendis\nnatus id esse incidunt pariatur",
        "id": 65,
        "title": "consequatur id enim sunt et et",
        "userId": 7
    },
    {
        "body": "ullam et saepe reiciendis voluptatem adipisci\nsit amet autem assumenda provident rerum culpa\nquis hic commodi nesciunt rem tenetur doloremque ipsam iure\nquis sunt voluptatem rerum illo velit",
        "id": 4,
        "title": "eum et est occaecati",
        "userId": 1
    },
    {
        "body": "debitis excepturi ea perferendis harum libero optio\neos accusamus cum fuga ut sapiente repudiandae\net ut incidunt omnis molestiae\nnihil ut eum odit",
        "id": 55,
        "title": "sit vel voluptatem et non libero",
        "userId": 6
    },
    {
        "body": "perspiciatis et quam ea autem temporibus non voluptatibus qui\nbeatae a earum officia nesciunt dolores suscipit voluptas et\nanimi doloribus cum rerum quas et magni\net hic ut ut commodi expedita sunt",
        "id": 59,
        "title": "qui commodi dolor at maiores et quis id accusantium",
        "userId": 6
    },
    {
        "body": "asperiores sunt ab assumenda cumque modi velit\nqui esse omnis\nvoluptate et fuga perferendis voluptas\nillo ratione amet aut et omnis",
        "id": 60,
        "title": "consequatur placeat omnis quisquam quia reprehenderit fugit veritatis facere",
        "userId": 6
    },
    {
        "body": "odit qui et et necessitatibus sint veniam\nmollitia amet doloremque molestiae commodi similique magnam et quam\nblanditiis est itaque\nquo et tenetur ratione occaecati molestiae tempora",
        "id": 74,
        "title": "enim unde ratione doloribus quas enim ut sit sapiente",
        "userId": 8
    },
    {
        "body": "eos et molestiae\nnesciunt ut a\ndolores perspiciatis repellendus repellat aliquid\nmagnam sint rem ipsum est",
        "id": 87,
        "title": "nostrum quis quasi placeat",
        "userId": 9
    },
    {
        "body": "odit magnam ut saepe sed non qui\ntempora atque nihil\naccusamus illum doloribus illo dolor\neligendi repudiandae odit magni similique sed cum maiores",
        "id": 29,
        "title": "iusto eius quod necessitatibus culpa ea",
        "userId": 3
    },
    {
        "body": "eos voluptas et aut odit natus earum\naspernatur fuga molestiae ullam\ndeserunt ratione qui eos\nqui nihil ratione nemo velit ut aut id quo",
        "id": 17,
        "title": "fugit voluptas sed molestias voluptatem provident",
        "userId": 2
    },
    {
        "body": "eos et molestiae\nnesciunt ut a\ndolores perspiciatis repellendus repellat aliquid\nmagnam sint rem ipsum est",
        "id": 87,
        "title": "nostrum quis quasi placeat",
        "userId": 9
    },
    {
        "body": "odit magnam ut saepe sed non qui\ntempora atque nihil\naccusamus illum doloribus illo dolor\neligendi repudiandae odit magni similique sed cum maiores",
        "id": 29,
        "title": "iusto eius quod necessitatibus culpa ea",
        "userId": 3
    },
    {
        "body": "eos voluptas et aut odit natus earum\naspernatur fuga molestiae ullam\ndeserunt ratione qui eos\nqui nihil ratione nemo velit ut aut id quo",
        "id": 17,
        "title": "fugit voluptas sed molestias voluptatem provident",
        "userId": 2
    },
    {
        "body": "illum quis cupiditate provident sit magnam\nea sed aut omnis\nveniam maiores ullam consequatur atque\nadipisci quo iste expedita sit quos voluptas",
        "id": 19,
        "title": "adipisci placeat illum aut reiciendis qui",
        "userId": 2
    },
    {
        "body": "eum non blanditiis soluta porro quibusdam voluptas\nvel voluptatem qui placeat dolores qui velit aut\nvel inventore aut cumque culpa explicabo aliquid at\nperspiciatis est et voluptatem dignissimos dolor itaque sit nam",
        "id": 97,
        "title": "quas fugiat ut perspiciatis vero provident",
        "userId": 10
    },
    {
        "body": "sunt dolores aut doloribus\ndolore doloribus voluptates tempora et\ndoloremque et quo\ncum asperiores sit consectetur dolorem",
        "id": 51,
        "title": "soluta aliquam aperiam consequatur illo quis voluptas",
        "userId": 6
    },
    {
        "body": "est natus reiciendis nihil possimus aut provident\nex et dolor\nrepellat pariatur est\nnobis rerum repellendus dolorem autem",
        "id": 45,
        "title": "ut numquam possimus omnis eius suscipit laudantium iure",
        "userId": 5
    },
    {
        "body": "eveniet quo quis\nlaborum totam consequatur non dolor\nut et est repudiandae\nest voluptatem vel debitis et magnam",
        "id": 18,
        "title": "voluptate et itaque vero tempora molestiae",
        "userId": 2
    },
    {
        "body": "ut voluptatum aliquid illo tenetur nemo sequi quo facilis\nipsum rem optio mollitia quas\nvoluptatem eum voluptas qui\nunde omnis voluptatem iure quasi maxime voluptas nam",
        "id": 40,
        "title": "enim quo cumque",
        "userId": 4
    },
    {
        "body": "veniam voluptatum quae adipisci id\net id quia eos ad et dolorem\naliquam quo nisi sunt eos impedit error\nad similique veniam",
        "id": 58,
        "title": "voluptatum itaque dolores nisi et quasi",
        "userId": 6
    },
    {
        "body": "dolorem quibusdam ducimus consequuntur dicta aut quo laboriosam\nvoluptatem quis enim recusandae ut sed sunt\nnostrum est odit totam\nsit error sed sunt eveniet provident qui nulla",
        "id": 93,
        "title": "beatae soluta recusandae",
        "userId": 10
    },
    {
        "body": "earum voluptatem facere provident blanditiis velit laboriosam\npariatur accusamus odio saepe\ncumque dolor qui a dicta ab doloribus consequatur omnis\ncorporis cupiditate eaque assumenda ad nesciunt",
        "id": 95,
        "title": "id minus libero illum nam ad officiis",
        "userId": 10
    },
    {
        "body": "totam corporis dignissimos\nvitae dolorem ut occaecati accusamus\nex velit deserunt\net exercitationem vero incidunt corrupti mollitia",
        "id": 54,
        "title": "sit asperiores ipsam eveniet odio non quia",
        "userId": 6
    },
    {
        "body": "est rerum tempore vitae\nsequi sint nihil reprehenderit dolor beatae ea dolores neque\nfugiat blanditiis voluptate porro vel nihil molestiae ut reiciendis\nqui aperiam non debitis possimus qui neque nisi nulla",
        "id": 2,
        "title": "qui est esse",
        "userId": 1
    },
    {
        "body": "eos qui et ipsum ipsam suscipit aut\nsed omnis non odio\nexpedita earum mollitia molestiae aut atque rem suscipit\nnam impedit esse",
        "id": 22,
        "title": "dolor sint quo a velit explicabo quia nam",
        "userId": 3
    },
    {
        "body": "nobis facilis odit tempore cupiditate quia\nassumenda doloribus rerum qui ea\nillum et qui totam\naut veniam repellendus",
        "id": 78,
        "title": "quam voluptatibus rerum veritatis",
        "userId": 8
    },
    {
        "body": "consectetur animi nesciunt iure dolore\nenim quia ad\nveniam autem ut quam aut nobis\net est aut quod aut provident voluptas autem voluptas",
        "id": 9,
        "title": "nesciunt iure omnis dolorem tempora et accusantium",
        "userId": 1
    },
    {
        "body": "officia veritatis tenetur vero qui itaque\nsint non ratione\nsed et ut asperiores iusto eos molestiae nostrum\nveritatis quibusdam et nemo iusto saepe",
        "id": 66,
        "title": "repudiandae ea animi iusto",
        "userId": 7
    },
    {
        "body": "ullam consequatur ut\nomnis quis sit vel consequuntur\nipsa eligendi ipsum molestiae et omnis error nostrum\nmolestiae illo tempore quia et distinctio",
        "id": 25,
        "title": "rem alias distinctio quo quis",
        "userId": 3
    },
    {
        "body": "odio fugit voluptatum ducimus earum autem est incidunt voluptatem\nodit reiciendis aliquam sunt sequi nulla dolorem\nnon facere repellendus voluptates quia\nratione harum vitae ut",
        "id": 42,
        "title": "commodi ullam sint et excepturi error explicabo praesentium voluptas",
        "userId": 5
    },
    {
        "body": "doloremque ex facilis sit sint culpa\nsoluta assumenda eligendi non ut eius\nsequi ducimus vel quasi\nveritatis est dolores",
        "id": 98,
        "title": "laboriosam dolor voluptates",
        "userId": 10
    },
    {
        "body": "voluptatibus ex esse\nsint explicabo est aliquid cumque adipisci fuga repellat labore\nmolestiae corrupti ex saepe at asperiores et perferendis\nnatus id esse incidunt pariatur",
        "id": 65,
        "title": "consequatur id enim sunt et et",
        "userId": 7
    },
    {
        "body": "ullam et saepe reiciendis voluptatem adipisci\nsit amet autem assumenda provident rerum culpa\nquis hic commodi nesciunt rem tenetur doloremque ipsam iure\nquis sunt voluptatem rerum illo velit",
        "id": 4,
        "title": "eum et est occaecati",
        "userId": 1
    },
    {
        "body": "debitis excepturi ea perferendis harum libero optio\neos accusamus cum fuga ut sapiente repudiandae\net ut incidunt omnis molestiae\nnihil ut eum odit",
        "id": 55,
        "title": "sit vel voluptatem et non libero",
        "userId": 6
    },
    {
        "body": "perspiciatis et quam ea autem temporibus non voluptatibus qui\nbeatae a earum officia nesciunt dolores suscipit voluptas et\nanimi doloribus cum rerum quas et magni\net hic ut ut commodi expedita sunt",
        "id": 59,
        "title": "qui commodi dolor at maiores et quis id accusantium",
        "userId": 6
    },
    {
        "body": "asperiores sunt ab assumenda cumque modi velit\nqui esse omnis\nvoluptate et fuga perferendis voluptas\nillo ratione amet aut et omnis",
        "id": 60,
        "title": "consequatur placeat omnis quisquam quia reprehenderit fugit veritatis facere",
        "userId": 6
    },
    {
        "body": "odit qui et et necessitatibus sint veniam\nmollitia amet doloremque molestiae commodi similique magnam et quam\nblanditiis est itaque\nquo et tenetur ratione occaecati molestiae tempora",
        "id": 74,
        "title": "enim unde ratione doloribus quas enim ut sit sapiente",
        "userId": 8
    },
    {
        "body": "eos et molestiae\nnesciunt ut a\ndolores perspiciatis repellendus repellat aliquid\nmagnam sint rem ipsum est",
        "id": 87,
        "title": "nostrum quis quasi placeat",
        "userId": 9
    },
    {
        "body": "odit magnam ut saepe sed non qui\ntempora atque nihil\naccusamus illum doloribus illo dolor\neligendi repudiandae odit magni similique sed cum maiores",
        "id": 29,
        "title": "iusto eius quod necessitatibus culpa ea",
        "userId": 3
    },
    {
        "body": "eos voluptas et aut odit natus earum\naspernatur fuga molestiae ullam\ndeserunt ratione qui eos\nqui nihil ratione nemo velit ut aut id quo",
        "id": 17,
        "title": "fugit voluptas sed molestias voluptatem provident",
        "userId": 2
    },
    {
        "body": "eos et molestiae\nnesciunt ut a\ndolores perspiciatis repellendus repellat aliquid\nmagnam sint rem ipsum est",
        "id": 87,
        "title": "nostrum quis quasi placeat",
        "userId": 9
    },
    {
        "body": "odit magnam ut saepe sed non qui\ntempora atque nihil\naccusamus illum doloribus illo dolor\neligendi repudiandae odit magni similique sed cum maiores",
        "id": 29,
        "title": "iusto eius quod necessitatibus culpa ea",
        "userId": 3
    },
    {
        "body": "eos voluptas et aut odit natus earum\naspernatur fuga molestiae ullam\ndeserunt ratione qui eos\nqui nihil ratione nemo velit ut aut id quo",
        "id": 17,
        "title": "fugit voluptas sed molestias voluptatem provident",
        "userId": 2
    },
    {
        "body": "odit magnam ut saepe sed non qui\ntempora atque nihil\naccusamus illum doloribus illo dolor\neligendi repudiandae odit magni similique sed cum maiores",
        "id": 29,
        "title": "iusto eius quod necessitatibus culpa ea",
        "userId": 3
    },
    {
        "body": "eos voluptas et aut odit natus earum\naspernatur fuga molestiae ullam\ndeserunt ratione qui eos\nqui nihil ratione nemo velit ut aut id quo",
        "id": 17,
        "title": "fugit voluptas sed molestias voluptatem provident",
        "userId": 2
    },
    {
        "body": "eos et molestiae\nnesciunt ut a\ndolores perspiciatis repellendus repellat aliquid\nmagnam sint rem ipsum est",
        "id": 87,
        "title": "nostrum quis quasi placeat",
        "userId": 9
    },
    {
        "body": "odit magnam ut saepe sed non qui\ntempora atque nihil\naccusamus illum doloribus illo dolor\neligendi repudiandae odit magni similique sed cum maiores",
        "id": 29,
        "title": "iusto eius quod necessitatibus culpa ea",
        "userId": 3
    },
    {
        "body": "eos voluptas et aut odit natus earum\naspernatur fuga molestiae ullam\ndeserunt ratione qui eos\nqui nihil ratione nemo velit ut aut id quo",
        "id": 17,
        "title": "fugit voluptas sed molestias voluptatem provident",
        "userId": 2
    },
    {
        "body": "odit magnam ut saepe sed non qui\ntempora atque nihil\naccusamus illum doloribus illo dolor\neligendi repudiandae odit magni similique sed cum maiores",
        "id": 29,
        "title": "iusto eius quod necessitatibus culpa ea",
        "userId": 3
    },
    {
        "body": "eos voluptas et aut odit natus earum\naspernatur fuga molestiae ullam\ndeserunt ratione qui eos\nqui nihil ratione nemo velit ut aut id quo",
        "id": 17,
        "title": "fugit voluptas sed molestias voluptatem provident",
        "userId": 2
    },
    {
        "body": "eos et molestiae\nnesciunt ut a\ndolores perspiciatis repellendus repellat aliquid\nmagnam sint rem ipsum est",
        "id": 87,
        "title": "nostrum quis quasi placeat",
        "userId": 9
    },
    {
        "body": "odit magnam ut saepe sed non qui\ntempora atque nihil\naccusamus illum doloribus illo dolor\neligendi repudiandae odit magni similique sed cum maiores",
        "id": 29,
        "title": "iusto eius quod necessitatibus culpa ea",
        "userId": 3
    },
    {
        "body": "eos voluptas et aut odit natus earum\naspernatur fuga molestiae ullam\ndeserunt ratione qui eos\nqui nihil ratione nemo velit ut aut id quo",
        "id": 17,
        "title": "fugit voluptas sed molestias voluptatem provident",
        "userId": 2
    }
]
